Symbol,Direction,Entry Price,Max Size,Max Size USDT,Realized PnL,Realized PnL %,Open Time,Close Time,Runup,Drawdown
RDNTUSDT,Short,0.032 USDT,"3,071,717","-97,255.37 USDT","16,303 USDT",16.76 %,04/24/2025 21:45 UTC,04/24/2025 22:10 UTC,20.85 % 0.03 USDT,
BSWUSDT,Short,0.04 USDT,"5,145,291","-205,454.46 USDT","16,074 USDT",7.82 %,04/24/2025 20:41 UTC,04/24/2025 21:24 UTC,7.92 % 0.04 USDT,
BSWUSDT,Short,0.042 USDT,"4,202,932","-175,795.45 USDT","4,629 USDT",2.63 %,04/24/2025 20:37 UTC,04/24/2025 20:41 UTC,,
BSWUSDT,Short,0.037 USDT,"215,520","7,892.51 USDT",-394.86 USDT,-5.00 %,04/24/2025 20:32 UTC,04/24/2025 20:34 UTC,,-4.26 % 0.04 USDT
NKNUSDT,Short,0.042 USDT,"4,752,818","-199,995.69 USDT","3,993 USDT",2.00 %,04/24/2025 19:15 UTC,04/24/2025 19:25 UTC,1.32 % 0.04 USDT,-1.61 % 0.04 USDT
NEIROETHUSDT,Short,0.067 USDT,"2,236,357","-150,367.61 USDT","-1,482.88 USDT",-0.99 %,04/24/2025 17:03 UTC,04/24/2025 18:15 UTC,5.44 % 0.06 USDT,-5.56 % 0.07 USDT
MAGICUSDT,Short,0.229 USDT,"217,918.1","49,987.19 USDT",-33.30 USDT,-0.07 %,04/24/2025 17:43 UTC,04/24/2025 18:02 UTC,1.90 % 0.23 USDT,-0.87 % 0.23 USDT
ZEREBROUSDT,Short,0.088 USDT,"2,494,889","-225,999.42 USDT","31,728 USDT",14.04 %,04/24/2025 16:34 UTC,04/24/2025 17:07 UTC,20.12 % 0.07 USDT,
NEIROETHUSDT,Short,0.072 USDT,"696,611","50,019.25 USDT","1,540 USDT",3.08 %,04/24/2025 16:44 UTC,04/24/2025 16:47 UTC,1.88 % 0.07 USDT,
ALPACAUSDT,Short,0.072 USDT,"689,503","-49,598.70 USDT","7,283 USDT",14.68 %,04/24/2025 16:20 UTC,04/24/2025 16:21 UTC,,
ALPACAUSDT,Short,0.076 USDT,"1,314,677","-99,966.33 USDT","7,013 USDT",7.02 %,04/24/2025 16:07 UTC,04/24/2025 16:13 UTC,5.98 % 0.07 USDT,
ALPACAUSDT,Short,0.075 USDT,"668,720","50,465.60 USDT",-193.70 USDT,-0.38 %,04/24/2025 16:00 UTC,04/24/2025 16:02 UTC,,
NEIROETHUSDT,Short,0.069 USDT,"2,846,586","-200,194.03 USDT","16,598 USDT",8.29 %,04/23/2025 17:23 UTC,04/23/2025 22:24 UTC,9.31 % 0.06 USDT,-1.63 % 0.07 USDT
ZEREBROUSDT,Short,0.091 USDT,"1,106,168","-100,166.57 USDT","11,240 USDT",11.22 %,04/23/2025 17:21 UTC,04/23/2025 21:11 UTC,14.48 % 0.08 USDT,-0.85 % 0.09 USDT
TRUMPUSDT,Short,15.479 USDT,"9,742.14","-150,797.49 USDT","9,730 USDT",6.45 %,04/23/2025 16:32 UTC,04/23/2025 16:35 UTC,4.31 % 14.84 USDT,
NEIROETHUSDT,Short,0.061 USDT,"820,865","49,984.76 USDT",-717.53 USDT,-1.44 %,04/23/2025 16:23 UTC,04/23/2025 16:27 UTC,,-0.97 % 0.06 USDT
VOXELUSDT,Long,0.074 USDT,"403,235","29,873.19 USDT",49.07 USDT,0.16 %,04/23/2025 14:14 UTC,04/23/2025 14:35 UTC,4.95 % 0.08 USDT,-1.46 % 0.07 USDT
NEIROETHUSDT,Short,0.068 USDT,"737,990","49,960.66 USDT",500.05 USDT,1.00 %,04/23/2025 12:14 UTC,04/23/2025 14:15 UTC,8.16 % 0.06 USDT,
SWARMSUSDT,Long,0.027 USDT,"3,661,575","99,431.21 USDT","3,959 USDT",3.98 %,04/23/2025 10:24 UTC,04/23/2025 11:10 UTC,7.49 % 0.03 USDT,-2.41 % 0.03 USDT
ACTUSDT,Short,0.081 USDT,"617,917","49,947.60 USDT",57.84 USDT,0.12 %,04/23/2025 10:52 UTC,04/23/2025 10:59 UTC,1.45 % 0.08 USDT,
SWARMSUSDT,Long,0.029 USDT,"740,451","21,106.34 USDT",183.71 USDT,0.87 %,04/23/2025 10:15 UTC,04/23/2025 10:21 UTC,3.00 % 0.03 USDT,-0.05 % 0.03 USDT
DIAUSDT,Short,0.457 USDT,"74,884","-34,194.48 USDT","3,298 USDT",9.65 %,04/22/2025 16:09 UTC,04/22/2025 16:30 UTC,3.12 % 0.44 USDT,
VOXELUSDT,Long,0.068 USDT,"1,652,195","112,866.24 USDT","-2,368.38 USDT",-2.10 %,04/22/2025 15:58 UTC,04/22/2025 16:02 UTC,0.48 % 0.07 USDT,-2.76 % 0.07 USDT
MAGICUSDT,Short,0.244 USDT,"203,184.1","-49,615.35 USDT","-1,088.89 USDT",-2.19 %,04/22/2025 11:29 UTC,04/22/2025 11:49 UTC,,-1.93 % 0.25 USDT
MAGICUSDT,Short,0.245 USDT,"407,507.2","99,896.24 USDT",160.00 USDT,0.16 %,04/22/2025 10:56 UTC,04/22/2025 11:10 UTC,0.92 % 0.24 USDT,
MAGICUSDT,Short,0.246 USDT,"814,825","-200,194.25 USDT","-4,588.35 USDT",-2.29 %,04/22/2025 10:07 UTC,04/22/2025 10:31 UTC,0.90 % 0.24 USDT,-3.50 % 0.25 USDT
PIXELUSDT,Short,0.046 USDT,"2,177,933","100,133.95 USDT","1,728 USDT",1.73 %,04/21/2025 21:01 UTC,04/21/2025 21:25 UTC,1.81 % 0.05 USDT,
PIXELUSDT,Long,0.049 USDT,"2,135,101","104,395.98 USDT","-1,896.00 USDT",-1.82 %,04/21/2025 17:57 UTC,04/21/2025 18:01 UTC,1.48 % 0.05 USDT,-2.38 % 0.05 USDT
PIXELUSDT,Long,0.048 USDT,"249,661","11,896.83 USDT",157.11 USDT,1.32 %,04/21/2025 17:54 UTC,04/21/2025 17:55 UTC,1.93 % 0.05 USDT,-0.49 % 0.05 USDT
RSRUSDT,Short,0.008 USDT,"6,493,047","50,070.55 USDT",70.02 USDT,0.14 %,04/21/2025 17:13 UTC,04/21/2025 17:17 UTC,0.58 % 0.01 USDT,
PIXELUSDT,Short,0.047 USDT,"1,058,182","50,110.21 USDT","2,176 USDT",4.34 %,04/21/2025 17:02 UTC,04/21/2025 17:07 UTC,3.35 % 0.05 USDT,
PIXELUSDT,Long,0.048 USDT,"91,246","4,407.14 USDT",25.67 USDT,0.58 %,04/21/2025 16:57 UTC,04/21/2025 16:58 UTC,1.43 % 0.05 USDT,-0.14 % 0.05 USDT
PIXELUSDT,Long,0.049 USDT,"1,017,730","49,938.91 USDT",62.71 USDT,0.13 %,04/21/2025 16:38 UTC,04/21/2025 16:45 UTC,1.88 % 0.05 USDT,-2.14 % 0.05 USDT
MAGICUSDT,Short,0.251 USDT,"400,262.2","-100,432.15 USDT","2,968 USDT",2.96 %,04/21/2025 16:40 UTC,04/21/2025 16:43 UTC,2.96 % 0.24 USDT,
PIXELUSDT,Long,0.048 USDT,"1,049,948","49,895.73 USDT",-672.42 USDT,-1.35 %,04/21/2025 16:18 UTC,04/21/2025 16:18 UTC,,
PIXELUSDT,Short,0.05 USDT,"1,010,628","50,063.62 USDT","3,333 USDT",6.66 %,04/21/2025 16:14 UTC,04/21/2025 16:16 UTC,0.91 % 0.05 USDT,
MAGICUSDT,Long,0.258 USDT,"392,428.4","101,383.23 USDT","-2,512.13 USDT",-2.48 %,04/21/2025 15:48 UTC,04/21/2025 16:02 UTC,1.68 % 0.26 USDT,-3.70 % 0.25 USDT
MAGICUSDT,Short,0.259 USDT,"192,818.6","49,955.16 USDT","2,183 USDT",4.37 %,04/21/2025 15:10 UTC,04/21/2025 15:17 UTC,4.05 % 0.25 USDT,
MAGICUSDT,Long,0.266 USDT,"187,970.8","49,911.74 USDT",-430.06 USDT,-0.86 %,04/21/2025 15:00 UTC,04/21/2025 15:02 UTC,0.37 % 0.27 USDT,-1.03 % 0.26 USDT
VOXELUSDT,Long,0.079 USDT,"1,900,597","149,737.28 USDT","8,617 USDT",5.76 %,04/21/2025 14:20 UTC,04/21/2025 14:47 UTC,9.51 % 0.09 USDT,-1.17 % 0.08 USDT
MAGICUSDT,Short,0.225 USDT,"222,054.3","49,992.23 USDT","1,465 USDT",2.93 %,04/21/2025 10:03 UTC,04/21/2025 10:15 UTC,2.71 % 0.22 USDT,
VOXELUSDT,Short,0.062 USDT,"2,423,865","-151,097.08 USDT","22,273 USDT",14.74 %,04/19/2025 19:17 UTC,04/19/2025 20:42 UTC,15.65 % 0.05 USDT,
VOXELUSDT,Short,0.058 USDT,"3,402,854","-199,900.12 USDT",-258.05 USDT,-0.13 %,04/19/2025 17:50 UTC,04/19/2025 19:13 UTC,2.47 % 0.06 USDT,-1.29 % 0.06 USDT
VOXELUSDT,Short,0.059 USDT,"1,699,204","-99,550.09 USDT","-1,255.91 USDT",-1.26 %,04/19/2025 17:25 UTC,04/19/2025 17:48 UTC,0.35 % 0.06 USDT,-0.80 % 0.06 USDT
VOXELUSDT,Short,0.06 USDT,"833,334","49,945.15 USDT",273.50 USDT,0.55 %,04/19/2025 17:00 UTC,04/19/2025 17:17 UTC,2.22 % 0.06 USDT,
HIGHUSDT,Long,0.559 USDT,"88,396.2","49,396.86 USDT","4,714 USDT",9.54 %,04/19/2025 14:32 UTC,04/19/2025 15:09 UTC,10.75 % 0.62 USDT,
BANKUSDT,Short,0.049 USDT,"462,208","-22,853.69 USDT","-2,176.48 USDT",-9.52 %,04/18/2025 18:30 UTC,04/18/2025 18:37 UTC,,-3.24 % 0.05 USDT
BANKUSDT,Short,0.047 USDT,"66,161","3,120.98 USDT",-104.69 USDT,-3.35 %,04/18/2025 18:30 UTC,04/18/2025 18:30 UTC,,
NKNUSDT,Short,0.022 USDT,"2,266,230","50,171.63 USDT",57.81 USDT,0.12 %,04/18/2025 17:49 UTC,04/18/2025 17:51 UTC,,
MEUSDT,Short,0.927 USDT,"16,191.9","15,012.19 USDT","1,807 USDT",12.04 %,04/15/2025 19:29 UTC,04/17/2025 08:48 UTC,14.60 % 0.81 USDT,-0.63 % 0.93 USDT
WCTUSDT,Short,0.361 USDT,"296,894","-107,990.54 USDT","8,139 USDT",7.54 %,04/15/2025 11:15 UTC,04/15/2025 14:10 UTC,16.17 % 0.31 USDT,
OMUSDT,Long,0.915 USDT,"54,575.4","49,925.03 USDT",-63.78 USDT,-0.13 %,04/15/2025 12:55 UTC,04/15/2025 12:55 UTC,,
OMUSDT,Short,0.902 USDT,"55,378.1","49,940.44 USDT",971.30 USDT,1.94 %,04/15/2025 12:49 UTC,04/15/2025 12:51 UTC,,
OMUSDT,Short,0.91 USDT,"54,888","49,947.94 USDT",517.30 USDT,1.04 %,04/15/2025 12:44 UTC,04/15/2025 12:47 UTC,,-2.55 % 0.93 USDT
OMUSDT,Short,0.815 USDT,"61,629","50,218.40 USDT",963.94 USDT,1.92 %,04/15/2025 12:28 UTC,04/15/2025 12:29 UTC,,
WCTUSDT,Short,0.347 USDT,"144,250","50,105.86 USDT",-354.68 USDT,-0.71 %,04/15/2025 11:02 UTC,04/15/2025 11:04 UTC,,-1.24 % 0.35 USDT
KERNELUSDT,Short,0.375 USDT,"290,650","-109,116.58 USDT","16,067 USDT",14.72 %,04/14/2025 12:39 UTC,04/14/2025 16:55 UTC,32.47 % 0.28 USDT,-3.09 % 0.39 USDT
KERNELUSDT,Long,0.345 USDT,"346,545","119,664.91 USDT","2,907 USDT",2.43 %,04/14/2025 12:25 UTC,04/14/2025 12:39 UTC,3.33 % 0.36 USDT,-5.42 % 0.33 USDT
ALCHUSDT,Long,0.138 USDT,"36,081","4,969.42 USDT",4.61 USDT,0.09 %,04/14/2025 11:09 UTC,04/14/2025 11:12 UTC,0.17 % 0.14 USDT,-2.39 % 0.13 USDT
VTHOUSDT,Short,0.003 USDT,"739,961","-1,991.30 USDT",17.37 USDT,0.87 %,04/14/2025 10:18 UTC,04/14/2025 10:38 UTC,2.09 % 0.00 USDT,
OMUSDT,Short,1.243 USDT,"20,289.5","25,227.74 USDT","7,094 USDT",28.12 %,04/13/2025 21:09 UTC,04/13/2025 21:10 UTC,12.30 % 1.11 USDT,
OMUSDT,Short,0.564 USDT,"45,299.9","25,547.54 USDT",772.84 USDT,3.03 %,04/13/2025 19:31 UTC,04/13/2025 19:44 UTC,17.78 % 0.48 USDT,-0.06 % 0.56 USDT
OMUSDT,Short,0.717 USDT,"35,113.5","25,175.72 USDT",328.89 USDT,1.31 %,04/13/2025 19:24 UTC,04/13/2025 19:26 UTC,,
OMUSDT,Short,0.645 USDT,"39,125","25,247.03 USDT",488.87 USDT,1.94 %,04/13/2025 19:22 UTC,04/13/2025 19:24 UTC,,-5.41 % 0.68 USDT
OMUSDT,Short,1.7 USDT,"14,804.3","25,167.31 USDT",-171.77 USDT,-0.68 %,04/13/2025 18:43 UTC,04/13/2025 18:46 UTC,,0.00 % 1.70 USDT
BABYUSDT,Long,0.08 USDT,"62,394","4,992.77 USDT",281.44 USDT,5.64 %,04/10/2025 10:16 UTC,04/10/2025 10:17 UTC,5.82 % 0.08 USDT,
