Symbol,Direction,Entry Price,Max Size,Max Size USDT,Realized PnL,Realized PnL %,Open Time,Close Time,Runup,Drawdown,Open_Time_UTC,Close_Time_UTC,Open_Time_KST,Close_Time_KST,Open_Time_KST_Str,Close_Time_KST_Str,PnL_Value,PnL_Sign,PnL_Numeric,Size_USDT_Numeric,Size_USDT_Abs,Cumulative_PnL,Period_Cumulative_PnL
BABYUSDT,Long,0.08 USDT,"62,394","4,992.77 USDT",281.44 USDT,5.64 %,04/10/2025 10:16 UTC,04/10/2025 10:17 UTC,5.82 % 0.08 USDT,,2025-04-10 10:16:00,2025-04-10 10:17:00,2025-04-10 19:16:00,2025-04-10 19:17:00,2025-04-10 19:16 KST,2025-04-10 19:17 KST,281.44,1,281.44,4992.77,4992.77,281.44,281.44
OMUSDT,Short,1.7 USDT,"14,804.3","25,167.31 USDT",-171.77 USDT,-0.68 %,04/13/2025 18:43 UTC,04/13/2025 18:46 UTC,,0.00 % 1.70 USDT,2025-04-13 18:43:00,2025-04-13 18:46:00,2025-04-14 03:43:00,2025-04-14 03:46:00,2025-04-14 03:43 KST,2025-04-14 03:46 KST,171.77,-1,-171.77,25167.31,25167.31,109.66999999999999,109.66999999999999
OMUSDT,Short,0.645 USDT,"39,125","25,247.03 USDT",488.87 USDT,1.94 %,04/13/2025 19:22 UTC,04/13/2025 19:24 UTC,,-5.41 % 0.68 USDT,2025-04-13 19:22:00,2025-04-13 19:24:00,2025-04-14 04:22:00,2025-04-14 04:24:00,2025-04-14 04:22 KST,2025-04-14 04:24 KST,488.87,1,488.87,25247.03,25247.03,598.54,598.54
OMUSDT,Short,0.717 USDT,"35,113.5","25,175.72 USDT",328.89 USDT,1.31 %,04/13/2025 19:24 UTC,04/13/2025 19:26 UTC,,,2025-04-13 19:24:00,2025-04-13 19:26:00,2025-04-14 04:24:00,2025-04-14 04:26:00,2025-04-14 04:24 KST,2025-04-14 04:26 KST,328.89,1,328.89,25175.72,25175.72,927.43,927.43
OMUSDT,Short,0.564 USDT,"45,299.9","25,547.54 USDT",772.84 USDT,3.03 %,04/13/2025 19:31 UTC,04/13/2025 19:44 UTC,17.78 % 0.48 USDT,-0.06 % 0.56 USDT,2025-04-13 19:31:00,2025-04-13 19:44:00,2025-04-14 04:31:00,2025-04-14 04:44:00,2025-04-14 04:31 KST,2025-04-14 04:44 KST,772.84,1,772.84,25547.54,25547.54,1700.27,1700.27
OMUSDT,Short,1.243 USDT,"20,289.5","25,227.74 USDT","7,094 USDT",28.12 %,04/13/2025 21:09 UTC,04/13/2025 21:10 UTC,12.30 % 1.11 USDT,,2025-04-13 21:09:00,2025-04-13 21:10:00,2025-04-14 06:09:00,2025-04-14 06:10:00,2025-04-14 06:09 KST,2025-04-14 06:10 KST,7094.0,1,7094.0,25227.74,25227.74,8794.27,8794.27
VTHOUSDT,Short,0.003 USDT,"739,961","-1,991.30 USDT",17.37 USDT,0.87 %,04/14/2025 10:18 UTC,04/14/2025 10:38 UTC,2.09 % 0.00 USDT,,2025-04-14 10:18:00,2025-04-14 10:38:00,2025-04-14 19:18:00,2025-04-14 19:38:00,2025-04-14 19:18 KST,2025-04-14 19:38 KST,17.37,1,17.37,-1991.3,1991.3,8811.640000000001,8811.640000000001
ALCHUSDT,Long,0.138 USDT,"36,081","4,969.42 USDT",4.61 USDT,0.09 %,04/14/2025 11:09 UTC,04/14/2025 11:12 UTC,0.17 % 0.14 USDT,-2.39 % 0.13 USDT,2025-04-14 11:09:00,2025-04-14 11:12:00,2025-04-14 20:09:00,2025-04-14 20:12:00,2025-04-14 20:09 KST,2025-04-14 20:12 KST,4.61,1,4.61,4969.42,4969.42,8816.250000000002,8816.250000000002
KERNELUSDT,Long,0.345 USDT,"346,545","119,664.91 USDT","2,907 USDT",2.43 %,04/14/2025 12:25 UTC,04/14/2025 12:39 UTC,3.33 % 0.36 USDT,-5.42 % 0.33 USDT,2025-04-14 12:25:00,2025-04-14 12:39:00,2025-04-14 21:25:00,2025-04-14 21:39:00,2025-04-14 21:25 KST,2025-04-14 21:39 KST,2907.0,1,2907.0,119664.91,119664.91,11723.250000000002,11723.250000000002
KERNELUSDT,Short,0.375 USDT,"290,650","-109,116.58 USDT","16,067 USDT",14.72 %,04/14/2025 12:39 UTC,04/14/2025 16:55 UTC,32.47 % 0.28 USDT,-3.09 % 0.39 USDT,2025-04-14 12:39:00,2025-04-14 16:55:00,2025-04-14 21:39:00,2025-04-15 01:55:00,2025-04-14 21:39 KST,2025-04-15 01:55 KST,16067.0,1,16067.0,-109116.58,109116.58,27790.25,27790.25
WCTUSDT,Short,0.347 USDT,"144,250","50,105.86 USDT",-354.68 USDT,-0.71 %,04/15/2025 11:02 UTC,04/15/2025 11:04 UTC,,-1.24 % 0.35 USDT,2025-04-15 11:02:00,2025-04-15 11:04:00,2025-04-15 20:02:00,2025-04-15 20:04:00,2025-04-15 20:02 KST,2025-04-15 20:04 KST,354.68,-1,-354.68,50105.86,50105.86,27435.57,27435.57
WCTUSDT,Short,0.361 USDT,"296,894","-107,990.54 USDT","8,139 USDT",7.54 %,04/15/2025 11:15 UTC,04/15/2025 14:10 UTC,16.17 % 0.31 USDT,,2025-04-15 11:15:00,2025-04-15 14:10:00,2025-04-15 20:15:00,2025-04-15 23:10:00,2025-04-15 20:15 KST,2025-04-15 23:10 KST,8139.0,1,8139.0,-107990.54,107990.54,35574.57,35574.57
OMUSDT,Short,0.815 USDT,"61,629","50,218.40 USDT",963.94 USDT,1.92 %,04/15/2025 12:28 UTC,04/15/2025 12:29 UTC,,,2025-04-15 12:28:00,2025-04-15 12:29:00,2025-04-15 21:28:00,2025-04-15 21:29:00,2025-04-15 21:28 KST,2025-04-15 21:29 KST,963.94,1,963.94,50218.4,50218.4,36538.51,36538.51
OMUSDT,Short,0.91 USDT,"54,888","49,947.94 USDT",517.30 USDT,1.04 %,04/15/2025 12:44 UTC,04/15/2025 12:47 UTC,,-2.55 % 0.93 USDT,2025-04-15 12:44:00,2025-04-15 12:47:00,2025-04-15 21:44:00,2025-04-15 21:47:00,2025-04-15 21:44 KST,2025-04-15 21:47 KST,517.3,1,517.3,49947.94,49947.94,37055.810000000005,37055.810000000005
OMUSDT,Short,0.902 USDT,"55,378.1","49,940.44 USDT",971.30 USDT,1.94 %,04/15/2025 12:49 UTC,04/15/2025 12:51 UTC,,,2025-04-15 12:49:00,2025-04-15 12:51:00,2025-04-15 21:49:00,2025-04-15 21:51:00,2025-04-15 21:49 KST,2025-04-15 21:51 KST,971.3,1,971.3,49940.44,49940.44,38027.11000000001,38027.11000000001
OMUSDT,Long,0.915 USDT,"54,575.4","49,925.03 USDT",-63.78 USDT,-0.13 %,04/15/2025 12:55 UTC,04/15/2025 12:55 UTC,,,2025-04-15 12:55:00,2025-04-15 12:55:00,2025-04-15 21:55:00,2025-04-15 21:55:00,2025-04-15 21:55 KST,2025-04-15 21:55 KST,63.78,-1,-63.78,49925.03,49925.03,37963.33000000001,37963.33000000001
MEUSDT,Short,0.927 USDT,"16,191.9","15,012.19 USDT","1,807 USDT",12.04 %,04/15/2025 19:29 UTC,04/17/2025 08:48 UTC,14.60 % 0.81 USDT,-0.63 % 0.93 USDT,2025-04-15 19:29:00,2025-04-17 08:48:00,2025-04-16 04:29:00,2025-04-17 17:48:00,2025-04-16 04:29 KST,2025-04-17 17:48 KST,1807.0,1,1807.0,15012.19,15012.19,39770.33000000001,39770.33000000001
NKNUSDT,Short,0.022 USDT,"2,266,230","50,171.63 USDT",57.81 USDT,0.12 %,04/18/2025 17:49 UTC,04/18/2025 17:51 UTC,,,2025-04-18 17:49:00,2025-04-18 17:51:00,2025-04-19 02:49:00,2025-04-19 02:51:00,2025-04-19 02:49 KST,2025-04-19 02:51 KST,57.81,1,57.81,50171.63,50171.63,39828.14000000001,39828.14000000001
BANKUSDT,Short,0.047 USDT,"66,161","3,120.98 USDT",-104.69 USDT,-3.35 %,04/18/2025 18:30 UTC,04/18/2025 18:30 UTC,,,2025-04-18 18:30:00,2025-04-18 18:30:00,2025-04-19 03:30:00,2025-04-19 03:30:00,2025-04-19 03:30 KST,2025-04-19 03:30 KST,104.69,-1,-104.69,3120.98,3120.98,39723.450000000004,39723.450000000004
BANKUSDT,Short,0.049 USDT,"462,208","-22,853.69 USDT","-2,176.48 USDT",-9.52 %,04/18/2025 18:30 UTC,04/18/2025 18:37 UTC,,-3.24 % 0.05 USDT,2025-04-18 18:30:00,2025-04-18 18:37:00,2025-04-19 03:30:00,2025-04-19 03:37:00,2025-04-19 03:30 KST,2025-04-19 03:37 KST,2176.48,-1,-2176.48,-22853.69,22853.69,37546.97,37546.97
HIGHUSDT,Long,0.559 USDT,"88,396.2","49,396.86 USDT","4,714 USDT",9.54 %,04/19/2025 14:32 UTC,04/19/2025 15:09 UTC,10.75 % 0.62 USDT,,2025-04-19 14:32:00,2025-04-19 15:09:00,2025-04-19 23:32:00,2025-04-20 00:09:00,2025-04-19 23:32 KST,2025-04-20 00:09 KST,4714.0,1,4714.0,49396.86,49396.86,42260.97,42260.97
VOXELUSDT,Short,0.06 USDT,"833,334","49,945.15 USDT",273.50 USDT,0.55 %,04/19/2025 17:00 UTC,04/19/2025 17:17 UTC,2.22 % 0.06 USDT,,2025-04-19 17:00:00,2025-04-19 17:17:00,2025-04-20 02:00:00,2025-04-20 02:17:00,2025-04-20 02:00 KST,2025-04-20 02:17 KST,273.5,1,273.5,49945.15,49945.15,42534.47,42534.47
VOXELUSDT,Short,0.059 USDT,"1,699,204","-99,550.09 USDT","-1,255.91 USDT",-1.26 %,04/19/2025 17:25 UTC,04/19/2025 17:48 UTC,0.35 % 0.06 USDT,-0.80 % 0.06 USDT,2025-04-19 17:25:00,2025-04-19 17:48:00,2025-04-20 02:25:00,2025-04-20 02:48:00,2025-04-20 02:25 KST,2025-04-20 02:48 KST,1255.91,-1,-1255.91,-99550.09,99550.09,41278.56,41278.56
VOXELUSDT,Short,0.058 USDT,"3,402,854","-199,900.12 USDT",-258.05 USDT,-0.13 %,04/19/2025 17:50 UTC,04/19/2025 19:13 UTC,2.47 % 0.06 USDT,-1.29 % 0.06 USDT,2025-04-19 17:50:00,2025-04-19 19:13:00,2025-04-20 02:50:00,2025-04-20 04:13:00,2025-04-20 02:50 KST,2025-04-20 04:13 KST,258.05,-1,-258.05,-199900.12,199900.12,41020.509999999995,41020.509999999995
VOXELUSDT,Short,0.062 USDT,"2,423,865","-151,097.08 USDT","22,273 USDT",14.74 %,04/19/2025 19:17 UTC,04/19/2025 20:42 UTC,15.65 % 0.05 USDT,,2025-04-19 19:17:00,2025-04-19 20:42:00,2025-04-20 04:17:00,2025-04-20 05:42:00,2025-04-20 04:17 KST,2025-04-20 05:42 KST,22273.0,1,22273.0,-151097.08,151097.08,63293.509999999995,63293.509999999995
MAGICUSDT,Short,0.225 USDT,"222,054.3","49,992.23 USDT","1,465 USDT",2.93 %,04/21/2025 10:03 UTC,04/21/2025 10:15 UTC,2.71 % 0.22 USDT,,2025-04-21 10:03:00,2025-04-21 10:15:00,2025-04-21 19:03:00,2025-04-21 19:15:00,2025-04-21 19:03 KST,2025-04-21 19:15 KST,1465.0,1,1465.0,49992.23,49992.23,64758.509999999995,64758.509999999995
VOXELUSDT,Long,0.079 USDT,"1,900,597","149,737.28 USDT","8,617 USDT",5.76 %,04/21/2025 14:20 UTC,04/21/2025 14:47 UTC,9.51 % 0.09 USDT,-1.17 % 0.08 USDT,2025-04-21 14:20:00,2025-04-21 14:47:00,2025-04-21 23:20:00,2025-04-21 23:47:00,2025-04-21 23:20 KST,2025-04-21 23:47 KST,8617.0,1,8617.0,149737.28,149737.28,73375.51,73375.51
MAGICUSDT,Long,0.266 USDT,"187,970.8","49,911.74 USDT",-430.06 USDT,-0.86 %,04/21/2025 15:00 UTC,04/21/2025 15:02 UTC,0.37 % 0.27 USDT,-1.03 % 0.26 USDT,2025-04-21 15:00:00,2025-04-21 15:02:00,2025-04-22 00:00:00,2025-04-22 00:02:00,2025-04-22 00:00 KST,2025-04-22 00:02 KST,430.06,-1,-430.06,49911.74,49911.74,72945.45,72945.45
MAGICUSDT,Short,0.259 USDT,"192,818.6","49,955.16 USDT","2,183 USDT",4.37 %,04/21/2025 15:10 UTC,04/21/2025 15:17 UTC,4.05 % 0.25 USDT,,2025-04-21 15:10:00,2025-04-21 15:17:00,2025-04-22 00:10:00,2025-04-22 00:17:00,2025-04-22 00:10 KST,2025-04-22 00:17 KST,2183.0,1,2183.0,49955.16,49955.16,75128.45,75128.45
MAGICUSDT,Long,0.258 USDT,"392,428.4","101,383.23 USDT","-2,512.13 USDT",-2.48 %,04/21/2025 15:48 UTC,04/21/2025 16:02 UTC,1.68 % 0.26 USDT,-3.70 % 0.25 USDT,2025-04-21 15:48:00,2025-04-21 16:02:00,2025-04-22 00:48:00,2025-04-22 01:02:00,2025-04-22 00:48 KST,2025-04-22 01:02 KST,2512.13,-1,-2512.13,101383.23,101383.23,72616.31999999999,72616.31999999999
PIXELUSDT,Short,0.05 USDT,"1,010,628","50,063.62 USDT","3,333 USDT",6.66 %,04/21/2025 16:14 UTC,04/21/2025 16:16 UTC,0.91 % 0.05 USDT,,2025-04-21 16:14:00,2025-04-21 16:16:00,2025-04-22 01:14:00,2025-04-22 01:16:00,2025-04-22 01:14 KST,2025-04-22 01:16 KST,3333.0,1,3333.0,50063.62,50063.62,75949.31999999999,75949.31999999999
PIXELUSDT,Long,0.048 USDT,"1,049,948","49,895.73 USDT",-672.42 USDT,-1.35 %,04/21/2025 16:18 UTC,04/21/2025 16:18 UTC,,,2025-04-21 16:18:00,2025-04-21 16:18:00,2025-04-22 01:18:00,2025-04-22 01:18:00,2025-04-22 01:18 KST,2025-04-22 01:18 KST,672.42,-1,-672.42,49895.73,49895.73,75276.9,75276.9
PIXELUSDT,Long,0.049 USDT,"1,017,730","49,938.91 USDT",62.71 USDT,0.13 %,04/21/2025 16:38 UTC,04/21/2025 16:45 UTC,1.88 % 0.05 USDT,-2.14 % 0.05 USDT,2025-04-21 16:38:00,2025-04-21 16:45:00,2025-04-22 01:38:00,2025-04-22 01:45:00,2025-04-22 01:38 KST,2025-04-22 01:45 KST,62.71,1,62.71,49938.91,49938.91,75339.61,75339.61
MAGICUSDT,Short,0.251 USDT,"400,262.2","-100,432.15 USDT","2,968 USDT",2.96 %,04/21/2025 16:40 UTC,04/21/2025 16:43 UTC,2.96 % 0.24 USDT,,2025-04-21 16:40:00,2025-04-21 16:43:00,2025-04-22 01:40:00,2025-04-22 01:43:00,2025-04-22 01:40 KST,2025-04-22 01:43 KST,2968.0,1,2968.0,-100432.15,100432.15,78307.61,78307.61
PIXELUSDT,Long,0.048 USDT,"91,246","4,407.14 USDT",25.67 USDT,0.58 %,04/21/2025 16:57 UTC,04/21/2025 16:58 UTC,1.43 % 0.05 USDT,-0.14 % 0.05 USDT,2025-04-21 16:57:00,2025-04-21 16:58:00,2025-04-22 01:57:00,2025-04-22 01:58:00,2025-04-22 01:57 KST,2025-04-22 01:58 KST,25.67,1,25.67,4407.14,4407.14,78333.28,78333.28
PIXELUSDT,Short,0.047 USDT,"1,058,182","50,110.21 USDT","2,176 USDT",4.34 %,04/21/2025 17:02 UTC,04/21/2025 17:07 UTC,3.35 % 0.05 USDT,,2025-04-21 17:02:00,2025-04-21 17:07:00,2025-04-22 02:02:00,2025-04-22 02:07:00,2025-04-22 02:02 KST,2025-04-22 02:07 KST,2176.0,1,2176.0,50110.21,50110.21,80509.28,80509.28
RSRUSDT,Short,0.008 USDT,"6,493,047","50,070.55 USDT",70.02 USDT,0.14 %,04/21/2025 17:13 UTC,04/21/2025 17:17 UTC,0.58 % 0.01 USDT,,2025-04-21 17:13:00,2025-04-21 17:17:00,2025-04-22 02:13:00,2025-04-22 02:17:00,2025-04-22 02:13 KST,2025-04-22 02:17 KST,70.02,1,70.02,50070.55,50070.55,80579.3,80579.3
PIXELUSDT,Long,0.048 USDT,"249,661","11,896.83 USDT",157.11 USDT,1.32 %,04/21/2025 17:54 UTC,04/21/2025 17:55 UTC,1.93 % 0.05 USDT,-0.49 % 0.05 USDT,2025-04-21 17:54:00,2025-04-21 17:55:00,2025-04-22 02:54:00,2025-04-22 02:55:00,2025-04-22 02:54 KST,2025-04-22 02:55 KST,157.11,1,157.11,11896.83,11896.83,80736.41,80736.41
PIXELUSDT,Long,0.049 USDT,"2,135,101","104,395.98 USDT","-1,896.00 USDT",-1.82 %,04/21/2025 17:57 UTC,04/21/2025 18:01 UTC,1.48 % 0.05 USDT,-2.38 % 0.05 USDT,2025-04-21 17:57:00,2025-04-21 18:01:00,2025-04-22 02:57:00,2025-04-22 03:01:00,2025-04-22 02:57 KST,2025-04-22 03:01 KST,1896.0,-1,-1896.0,104395.98,104395.98,78840.41,78840.41
PIXELUSDT,Short,0.046 USDT,"2,177,933","100,133.95 USDT","1,728 USDT",1.73 %,04/21/2025 21:01 UTC,04/21/2025 21:25 UTC,1.81 % 0.05 USDT,,2025-04-21 21:01:00,2025-04-21 21:25:00,2025-04-22 06:01:00,2025-04-22 06:25:00,2025-04-22 06:01 KST,2025-04-22 06:25 KST,1728.0,1,1728.0,100133.95,100133.95,80568.41,80568.41
MAGICUSDT,Short,0.246 USDT,"814,825","-200,194.25 USDT","-4,588.35 USDT",-2.29 %,04/22/2025 10:07 UTC,04/22/2025 10:31 UTC,0.90 % 0.24 USDT,-3.50 % 0.25 USDT,2025-04-22 10:07:00,2025-04-22 10:31:00,2025-04-22 19:07:00,2025-04-22 19:31:00,2025-04-22 19:07 KST,2025-04-22 19:31 KST,4588.35,-1,-4588.35,-200194.25,200194.25,75980.06,75980.06
MAGICUSDT,Short,0.245 USDT,"407,507.2","99,896.24 USDT",160.00 USDT,0.16 %,04/22/2025 10:56 UTC,04/22/2025 11:10 UTC,0.92 % 0.24 USDT,,2025-04-22 10:56:00,2025-04-22 11:10:00,2025-04-22 19:56:00,2025-04-22 20:10:00,2025-04-22 19:56 KST,2025-04-22 20:10 KST,160.0,1,160.0,99896.24,99896.24,76140.06,76140.06
MAGICUSDT,Short,0.244 USDT,"203,184.1","-49,615.35 USDT","-1,088.89 USDT",-2.19 %,04/22/2025 11:29 UTC,04/22/2025 11:49 UTC,,-1.93 % 0.25 USDT,2025-04-22 11:29:00,2025-04-22 11:49:00,2025-04-22 20:29:00,2025-04-22 20:49:00,2025-04-22 20:29 KST,2025-04-22 20:49 KST,1088.89,-1,-1088.89,-49615.35,49615.35,75051.17,75051.17
VOXELUSDT,Long,0.068 USDT,"1,652,195","112,866.24 USDT","-2,368.38 USDT",-2.10 %,04/22/2025 15:58 UTC,04/22/2025 16:02 UTC,0.48 % 0.07 USDT,-2.76 % 0.07 USDT,2025-04-22 15:58:00,2025-04-22 16:02:00,2025-04-23 00:58:00,2025-04-23 01:02:00,2025-04-23 00:58 KST,2025-04-23 01:02 KST,2368.38,-1,-2368.38,112866.24,112866.24,72682.79,72682.79
DIAUSDT,Short,0.457 USDT,"74,884","-34,194.48 USDT","3,298 USDT",9.65 %,04/22/2025 16:09 UTC,04/22/2025 16:30 UTC,3.12 % 0.44 USDT,,2025-04-22 16:09:00,2025-04-22 16:30:00,2025-04-23 01:09:00,2025-04-23 01:30:00,2025-04-23 01:09 KST,2025-04-23 01:30 KST,3298.0,1,3298.0,-34194.48,34194.48,75980.79,75980.79
SWARMSUSDT,Long,0.029 USDT,"740,451","21,106.34 USDT",183.71 USDT,0.87 %,04/23/2025 10:15 UTC,04/23/2025 10:21 UTC,3.00 % 0.03 USDT,-0.05 % 0.03 USDT,2025-04-23 10:15:00,2025-04-23 10:21:00,2025-04-23 19:15:00,2025-04-23 19:21:00,2025-04-23 19:15 KST,2025-04-23 19:21 KST,183.71,1,183.71,21106.34,21106.34,76164.5,76164.5
SWARMSUSDT,Long,0.027 USDT,"3,661,575","99,431.21 USDT","3,959 USDT",3.98 %,04/23/2025 10:24 UTC,04/23/2025 11:10 UTC,7.49 % 0.03 USDT,-2.41 % 0.03 USDT,2025-04-23 10:24:00,2025-04-23 11:10:00,2025-04-23 19:24:00,2025-04-23 20:10:00,2025-04-23 19:24 KST,2025-04-23 20:10 KST,3959.0,1,3959.0,99431.21,99431.21,80123.5,80123.5
ACTUSDT,Short,0.081 USDT,"617,917","49,947.60 USDT",57.84 USDT,0.12 %,04/23/2025 10:52 UTC,04/23/2025 10:59 UTC,1.45 % 0.08 USDT,,2025-04-23 10:52:00,2025-04-23 10:59:00,2025-04-23 19:52:00,2025-04-23 19:59:00,2025-04-23 19:52 KST,2025-04-23 19:59 KST,57.84,1,57.84,49947.6,49947.6,80181.34,80181.34
NEIROETHUSDT,Short,0.068 USDT,"737,990","49,960.66 USDT",500.05 USDT,1.00 %,04/23/2025 12:14 UTC,04/23/2025 14:15 UTC,8.16 % 0.06 USDT,,2025-04-23 12:14:00,2025-04-23 14:15:00,2025-04-23 21:14:00,2025-04-23 23:15:00,2025-04-23 21:14 KST,2025-04-23 23:15 KST,500.05,1,500.05,49960.66,49960.66,80681.39,80681.39
VOXELUSDT,Long,0.074 USDT,"403,235","29,873.19 USDT",49.07 USDT,0.16 %,04/23/2025 14:14 UTC,04/23/2025 14:35 UTC,4.95 % 0.08 USDT,-1.46 % 0.07 USDT,2025-04-23 14:14:00,2025-04-23 14:35:00,2025-04-23 23:14:00,2025-04-23 23:35:00,2025-04-23 23:14 KST,2025-04-23 23:35 KST,49.07,1,49.07,29873.19,29873.19,80730.46,80730.46
NEIROETHUSDT,Short,0.061 USDT,"820,865","49,984.76 USDT",-717.53 USDT,-1.44 %,04/23/2025 16:23 UTC,04/23/2025 16:27 UTC,,-0.97 % 0.06 USDT,2025-04-23 16:23:00,2025-04-23 16:27:00,2025-04-24 01:23:00,2025-04-24 01:27:00,2025-04-24 01:23 KST,2025-04-24 01:27 KST,717.53,-1,-717.53,49984.76,49984.76,80012.93000000001,80012.93000000001
TRUMPUSDT,Short,15.479 USDT,"9,742.14","-150,797.49 USDT","9,730 USDT",6.45 %,04/23/2025 16:32 UTC,04/23/2025 16:35 UTC,4.31 % 14.84 USDT,,2025-04-23 16:32:00,2025-04-23 16:35:00,2025-04-24 01:32:00,2025-04-24 01:35:00,2025-04-24 01:32 KST,2025-04-24 01:35 KST,9730.0,1,9730.0,-150797.49,150797.49,89742.93000000001,89742.93000000001
ZEREBROUSDT,Short,0.091 USDT,"1,106,168","-100,166.57 USDT","11,240 USDT",11.22 %,04/23/2025 17:21 UTC,04/23/2025 21:11 UTC,14.48 % 0.08 USDT,-0.85 % 0.09 USDT,2025-04-23 17:21:00,2025-04-23 21:11:00,2025-04-24 02:21:00,2025-04-24 06:11:00,2025-04-24 02:21 KST,2025-04-24 06:11 KST,11240.0,1,11240.0,-100166.57,100166.57,100982.93000000001,100982.93000000001
NEIROETHUSDT,Short,0.069 USDT,"2,846,586","-200,194.03 USDT","16,598 USDT",8.29 %,04/23/2025 17:23 UTC,04/23/2025 22:24 UTC,9.31 % 0.06 USDT,-1.63 % 0.07 USDT,2025-04-23 17:23:00,2025-04-23 22:24:00,2025-04-24 02:23:00,2025-04-24 07:24:00,2025-04-24 02:23 KST,2025-04-24 07:24 KST,16598.0,1,16598.0,-200194.03,200194.03,117580.93000000001,117580.93000000001
ALPACAUSDT,Short,0.075 USDT,"668,720","50,465.60 USDT",-193.70 USDT,-0.38 %,04/24/2025 16:00 UTC,04/24/2025 16:02 UTC,,,2025-04-24 16:00:00,2025-04-24 16:02:00,2025-04-25 01:00:00,2025-04-25 01:02:00,2025-04-25 01:00 KST,2025-04-25 01:02 KST,193.7,-1,-193.7,50465.6,50465.6,117387.23000000001,117387.23000000001
ALPACAUSDT,Short,0.076 USDT,"1,314,677","-99,966.33 USDT","7,013 USDT",7.02 %,04/24/2025 16:07 UTC,04/24/2025 16:13 UTC,5.98 % 0.07 USDT,,2025-04-24 16:07:00,2025-04-24 16:13:00,2025-04-25 01:07:00,2025-04-25 01:13:00,2025-04-25 01:07 KST,2025-04-25 01:13 KST,7013.0,1,7013.0,-99966.33,99966.33,124400.23000000001,124400.23000000001
ALPACAUSDT,Short,0.072 USDT,"689,503","-49,598.70 USDT","7,283 USDT",14.68 %,04/24/2025 16:20 UTC,04/24/2025 16:21 UTC,,,2025-04-24 16:20:00,2025-04-24 16:21:00,2025-04-25 01:20:00,2025-04-25 01:21:00,2025-04-25 01:20 KST,2025-04-25 01:21 KST,7283.0,1,7283.0,-49598.7,49598.7,131683.23,131683.23
ZEREBROUSDT,Short,0.088 USDT,"2,494,889","-225,999.42 USDT","31,728 USDT",14.04 %,04/24/2025 16:34 UTC,04/24/2025 17:07 UTC,20.12 % 0.07 USDT,,2025-04-24 16:34:00,2025-04-24 17:07:00,2025-04-25 01:34:00,2025-04-25 02:07:00,2025-04-25 01:34 KST,2025-04-25 02:07 KST,31728.0,1,31728.0,-225999.42,225999.42,163411.23,163411.23
NEIROETHUSDT,Short,0.072 USDT,"696,611","50,019.25 USDT","1,540 USDT",3.08 %,04/24/2025 16:44 UTC,04/24/2025 16:47 UTC,1.88 % 0.07 USDT,,2025-04-24 16:44:00,2025-04-24 16:47:00,2025-04-25 01:44:00,2025-04-25 01:47:00,2025-04-25 01:44 KST,2025-04-25 01:47 KST,1540.0,1,1540.0,50019.25,50019.25,164951.23,164951.23
NEIROETHUSDT,Short,0.067 USDT,"2,236,357","-150,367.61 USDT","-1,482.88 USDT",-0.99 %,04/24/2025 17:03 UTC,04/24/2025 18:15 UTC,5.44 % 0.06 USDT,-5.56 % 0.07 USDT,2025-04-24 17:03:00,2025-04-24 18:15:00,2025-04-25 02:03:00,2025-04-25 03:15:00,2025-04-25 02:03 KST,2025-04-25 03:15 KST,1482.88,-1,-1482.88,-150367.61,150367.61,163468.35,163468.35
MAGICUSDT,Short,0.229 USDT,"217,918.1","49,987.19 USDT",-33.30 USDT,-0.07 %,04/24/2025 17:43 UTC,04/24/2025 18:02 UTC,1.90 % 0.23 USDT,-0.87 % 0.23 USDT,2025-04-24 17:43:00,2025-04-24 18:02:00,2025-04-25 02:43:00,2025-04-25 03:02:00,2025-04-25 02:43 KST,2025-04-25 03:02 KST,33.3,-1,-33.3,49987.19,49987.19,163435.05000000002,163435.05000000002
NKNUSDT,Short,0.042 USDT,"4,752,818","-199,995.69 USDT","3,993 USDT",2.00 %,04/24/2025 19:15 UTC,04/24/2025 19:25 UTC,1.32 % 0.04 USDT,-1.61 % 0.04 USDT,2025-04-24 19:15:00,2025-04-24 19:25:00,2025-04-25 04:15:00,2025-04-25 04:25:00,2025-04-25 04:15 KST,2025-04-25 04:25 KST,3993.0,1,3993.0,-199995.69,199995.69,167428.05000000002,167428.05000000002
BSWUSDT,Short,0.037 USDT,"215,520","7,892.51 USDT",-394.86 USDT,-5.00 %,04/24/2025 20:32 UTC,04/24/2025 20:34 UTC,,-4.26 % 0.04 USDT,2025-04-24 20:32:00,2025-04-24 20:34:00,2025-04-25 05:32:00,2025-04-25 05:34:00,2025-04-25 05:32 KST,2025-04-25 05:34 KST,394.86,-1,-394.86,7892.51,7892.51,167033.19000000003,167033.19000000003
BSWUSDT,Short,0.042 USDT,"4,202,932","-175,795.45 USDT","4,629 USDT",2.63 %,04/24/2025 20:37 UTC,04/24/2025 20:41 UTC,,,2025-04-24 20:37:00,2025-04-24 20:41:00,2025-04-25 05:37:00,2025-04-25 05:41:00,2025-04-25 05:37 KST,2025-04-25 05:41 KST,4629.0,1,4629.0,-175795.45,175795.45,171662.19000000003,171662.19000000003
BSWUSDT,Short,0.04 USDT,"5,145,291","-205,454.46 USDT","16,074 USDT",7.82 %,04/24/2025 20:41 UTC,04/24/2025 21:24 UTC,7.92 % 0.04 USDT,,2025-04-24 20:41:00,2025-04-24 21:24:00,2025-04-25 05:41:00,2025-04-25 06:24:00,2025-04-25 05:41 KST,2025-04-25 06:24 KST,16074.0,1,16074.0,-205454.46,205454.46,187736.19000000003,187736.19000000003
RDNTUSDT,Short,0.032 USDT,"3,071,717","-97,255.37 USDT","16,303 USDT",16.76 %,04/24/2025 21:45 UTC,04/24/2025 22:10 UTC,20.85 % 0.03 USDT,,2025-04-24 21:45:00,2025-04-24 22:10:00,2025-04-25 06:45:00,2025-04-25 07:10:00,2025-04-25 06:45 KST,2025-04-25 07:10 KST,16303.0,1,16303.0,-97255.37,97255.37,204039.19000000003,204039.19000000003
